full_name;is_verified;username
Las IAs de Pampis;FALSE;pampisman
Anthony Gallo;TRUE;_anthonygallo
Tiffany Janzen;TRUE;tiffintech
Maureen Evelyn | Content Creation Coach;TRUE;maureensmarketing
Daisy | Digital Marketing & Social Media Coach;TRUE;abundancewithdaisy
Kierra Page;TRUE;techwithki
Jamie M. Woodard;FALSE;jamie_mwoodard
Brand Nat | AI & Tech for Business;FALSE;brand.nat
Mariana Velez;FALSE;itsmarianavelez
SOCIAL MEDIA SERVICES & COACHING;FALSE;maxx.marketing
Katie Anderson;TRUE;kcstauffer
Isabella Kotsias;TRUE;baddieinbiz
MYA | IG EXPERT & BUSINESS COACH;FALSE;myanichol
Gordon Ly;TRUE;gordonly
Nikhil Pawar;TRUE;dope.motions
Bradford Marais;TRUE;bradfordmarais
Daniel Do | üá®üá≠ Swiss Photo-/Videographer & Content Creator;TRUE;justdodani
Alisa | UX + Web Designer;FALSE;alisa.dizzy
Social Media Marketing | Reels Coach;FALSE;laurasalessocial
Lawrence Walton | Travel ‚Ä¢ Photography;TRUE;lawrencewalton_
Maximilian Lehrke;FALSE;maximilian.lehrke
Victor;FALSE;victor.web3
Tony Chen;TRUE;setupsai
Eric Solorio;TRUE;enigmatic_e
Nancy Badillo | Etsy Coach;FALSE;nancybadillo13
George Sidiropoulos;TRUE;disisjorj
MIA‚úßNASH REAM | NOMAD FAMILY LIFESTYLE;TRUE;miandnash
SONYA ‚Ü† Travel & Lifestyle;FALSE;theglobalite
Uptin;TRUE;uptin
Jonathan Javier | WonsultingüëÄüí°;TRUE;jonathanwordsofwisdom
Amelia Austin [Millie] | Travel | Creator Tips;TRUE;stay.wild.travels
Vanessa Oi-Gwan Lau;TRUE;vanessalau.co
ARON S≈åGI | Video Strategist | Content Marketing;FALSE;aronsogi
Arika | ‚úàÔ∏é ASIA TRAVEL TIPS & GUIDES;TRUE;alikainwanderlust
Houston Kold;FALSE;houstonkold
Nemanja Trajkoviƒá;TRUE;nemanjatrvc
Cam Harvey;TRUE;cam_strive
Sammy Jones | London Videographer;FALSE;shotbysammy_
Justin Espejo;FALSE;justin_joseph_espejo
Ryan Figueroa;TRUE;ryansfigueroa
Will Schafer;TRUE;willtschafer
Â≤≥ üçú GAKU;FALSE;gakuyen
Olayemi Afolabi;FALSE;olayemi.af
Samad Smett;FALSE;samadsmett
Paulo Aguiar;TRUE;paulofaguiar
Emanuela Bran;FALSE;emanuelabran
Maria Wendt | Business Coach;FALSE;maria.wendt
Rourke Sefton-Minns;TRUE;rourkeheath
Kenzo Mizumoto;TRUE;kenzomizumoto
Anwar Jibawi;TRUE;anwar
Gannon Meyer;TRUE;gannon.meyer
Danielle Kaye;TRUE;simplify_your_social
Jen Bryan;TRUE;jenbryan._
Lik Foon ‚Ä¢ Instagram growth & marketing;TRUE;likfoon
Mino Lee;TRUE;minolee.mp4
George Baker;TRUE;georgepabaker
Arthur;FALSE;its.arthur7
Joshua Lee Glavin;TRUE;joshglavinfilms
Zack Murray;TRUE;zackmmurray
Robert Oliver;TRUE;robthebank
Gavin Thibodeau | Digital Operations;TRUE;gavinthibodeau
Tyler Germain | Digital Operations;TRUE;itstylergermain
James Masi | Viral Video Marketing Strategist;TRUE;via.masi
Natt Jongsala | Video Editor;TRUE;natt.jongsala
Ryan | Content Marketing + Social Media Consultant;FALSE;kwantumkid
Mikita Yo Mikheyeu;TRUE;mikita.yo
Ethan Shaw;TRUE;ethanhshaw
Sam Huxter | Content Marketing;TRUE;samhxtr
Kien Nguyen;TRUE;kienobifilms
Jovan Kornic | Personal Branding;FALSE;jovankornic
ùï∑ùñéùñìùñâùñÜ - Voyages petit budget üå∫;TRUE;linda.isabelleeee
Grayson Vannerus | Content Marketing;FALSE;graysoncreates
Denisa Alexe;TRUE;denise.alexe
Marina Rom√°n & Francisco;TRUE;travelsandvibes
Sandra K | Brand designer ‚Ä¢ Content Creator ‚Ä¢ Editor;TRUE;sandracreatess
Jaylaü™º;FALSE;jayla._.hutton
Derrell Foster;FALSE;pas_dee
Sarah Snow;TRUE;iamsarahsnow
Amanda Monique Brown;TRUE;amandamoniquebrown
Aakanksha Monga;TRUE;aakanksha.monga
Tom Noske;TRUE;tomnoske
Enrico Incarnati | Social Media Strategy | Content Marketing;TRUE;rico.incarnati
Ava | Content Marketing | Social Media Management;TRUE;personalbrandlaunch
Devin Jatho | Content Marketing;FALSE;devinjatho
JADEN YOUNG | Social Media Marketing Coach;TRUE;iamjadenly
GISELLE LANGLEY & STEPHEN JIROCH | Adventure Travel;TRUE;theloverspassport
Lara | travel & lifestyle creator;FALSE;your_passport
Uro≈° Polaj≈æer;FALSE;your_passage
Cristina Gheiceanu;FALSE;cristinagheiceanu
Isma√´l | Creator üèπüèõÔ∏èüèüÔ∏è;FALSE;astucesdigitales
Sharon | Content Creator;FALSE;sharongillmedia
‚ô°Travel ‚ù• Lifestyle ‚àû Love ‚ô°;FALSE;openklosetbykarina
Alley Kerr;FALSE;wanderlustalley
Jason Cooperson;TRUE;jasoncooperson
Amanda Budiman;FALSE;mandabudiman
Diana Herrera | Travel ‚Ä¢ Lifestyle;TRUE;dwanderess
Herrera;FALSE;cesar____herrera
Vij;FALSE;vij_ma
LauraüåéBucket List Travel| Itineraries |Road Trips | Unique Stays;FALSE;sunkissedblonde.travels
;FALSE;bucketlistbums
Maya Gmiterek‚úàÔ∏é traveler‚òºphotographer‚òºcontent creator  ñ§•Lisbon;TRUE;mgypsea
L O U I S E | FOOD & TRAVEL CONTENT CREATOR;TRUE;loulouexplores
Sandy Breitmeier ‚òÄÔ∏è Travel & London;TRUE;sandymakessense
Britny McKibben;TRUE;darlingtravelsblog
Venkria Brantely;FALSE;_hustlesmartwithkeria
Catarina Mello | Travel Creator | LA;TRUE;professionaltraveler
Marie & Jake / Love /  Romanticize Life & Travel;TRUE;mariefeandjakesnow
Paul;FALSE;paulerik27
Digital Products & Reels Educator;FALSE;jennapeterson
mylene mae;TRUE;mylenesmind
Antonio Castro;TRUE;antoniocncastro
chloe shih ‚úßÔΩ•Ôæü;FALSE;chloe.shih
Leo Keller;FALSE;leokellr
Andres Parra;FALSE;andres_parra1025
Mary Russo Simeone;FALSE;maryrussosimeone
Marcia Mendes Araujo;FALSE;marciamendesaraujo
Dr. Muneeb Shah;TRUE;doctorly
ali knutson;TRUE;ali.knutson
Yamil Doval;TRUE;yamildoval
AndreÃÅ ChaiÃÅcÃßa . Lisboa;TRUE;andrechaica
Ashley | Travel | New Zealand;FALSE;littlekiwitravels
Cassie Schoonover | Digital Marketing;TRUE;cassie.schoonover
The PowerPoint Guy;FALSE;jacob_ppt
Sabina | feminism & travel;TRUE;girlvsglobe
Kierra Summer;TRUE;kierra_summer
Daniel Marin | UK Content Creator;TRUE;dfmarin
Kelly Prince-Wright;TRUE;kellyprincewright
Anna | London Travel Blogger;FALSE;nospaceinmypassport
RAQUEL & MIGUEL | Lifestyle & Travel;TRUE;explorerssaurus_
Regina Peredo G.;TRUE;reginaperedog
TravelGirlAddicted;FALSE;travelgirladdicted
Fran Ruesta;FALSE;franruesta
Natalia Levsina;TRUE;natalialevsina
Kristi Hemric;TRUE;khemric
Loukia Tranou;TRUE;lucyinthesskyy
Melvin Hagstr√∂m | AI Volve;FALSE;ai.volve.news
EMILY LIN;FALSE;therealemilylin
üå∏ Raluca Teodorescu | ‚ú®London‚ú®Travel üå∏;TRUE;ralu_teodorescu
Natalie Raymond | London UK;TRUE;mygreatescapes
Harrison Miller & Lauren Witherow;TRUE;haz_and_loz
Aimee Bell;TRUE;aimeebelll
Caitlyn Leggett | Travel Consultant;TRUE;the.wanderlust.times
Nathalie Aron üåç Adventure & Luxury Travel Creator;TRUE;voyagefox_
Monica D üå∫ Hawaii üèñ Beach;FALSE;blondebeachvibes
Hudson and Emily;TRUE;hudsonandemily
Melissa | Find me in the mountains ‚òæ;FALSE;alpiinesoul
Angela Liguori;TRUE;angelaliggs
S O P H I A üåô;TRUE;sophiachiara__
Francesca Smith | creator;FALSE;frankvinyl
BONNIE ‚òº adventure travel;FALSE;bonniengai
Joanna Yung;FALSE;joannayung.co
OpheÃÅlie Schaffar / Travel Blogger;TRUE;limitlesssecrets
Rachel Kaelin;TRUE;rachelbaelin
Kelsey Heinrichs;TRUE;kelseyinlondon
Adriana & Mike | UK travel blogger & photographer;FALSE;wander.licious
Anna - Social Media Manager Mentor (Anjana Khanna);TRUE;socialista_media_
JAMIE CONTRASTANO| 7 FIGURE ONLINE STRATEGIST;TRUE;jamieseaofficial
Art Of Influence ‚Ä¢ Angela Giakas ‚Ä¢ Online Courses;TRUE;artofinfluenceco
Moonshot;FALSE;moonshot.fun
Dominika Trzaska;TRUE;theblondeflamingo
Danielle Hu ‚ùÇ Business Mentor;TRUE;thewanderlover
SARAH // Luxury, Adventure & Sustainable Travel;FALSE;saltyluxe
Romina Reinke | TRAVEL HOTSPOTS | ROADTRIPS;TRUE;travelmina_
JESS‚îäTRAVEL CREATOR‚îäADVENTURE‚îäSWISS ‚òΩ;TRUE;jessmelu
ANDREA & LEWIS ‚Ä¢ couple ‚Ä¢ travel ‚Ä¢ bus life;TRUE;andreaandlewis
Merry Amber | Travel Creator;FALSE;merry_amber
Toni-Ann McKenzie | Travel Content Creator üáØüá≤;TRUE;travelwithtoniann
Fredrik Stenmark;TRUE;dreamtravelvoyages
Sponge Cake + Mocha + Donut;TRUE;spongecake_thescottishfold
Ellie Green | British Travel blogger;TRUE;thegingerwanderlust
Olga Maslianko | Travel Content Creator üá∫üá¶üá∫üá∏;TRUE;honest.trip
Jenna Silver | Tropical Travel;TRUE;jennasilver_
Callia Mexi;TRUE;calliamexi
Sean Hammond;TRUE;seanhammonds
Kat :);FALSE;kathryncritt
Edison Bosquez;FALSE;edisonbosquez90
Mohammadreza;FALSE;mr.gharamideh
Ana Savu // Solo Female Travelling ‚ú®;FALSE;anasavu
Rukhsar Ansari;FALSE;rukhsar1397
„Éé„Ç¢ÔΩúAI„ÉªWeb3.0ÊôÇ‰ª£„ÅÆ„Çπ„Ç≠„É´Âêë‰∏ä‚§¥Ô∏é;FALSE;noa_web3.0
„Åï„Åè„Çâ@„Åì„Å£„Åù„Çä„Ç§„É≥„Çπ„ÇøÂâØÊ•≠;TRUE;sakura_insta.fukugyo
„Çä„Åè@AI√óSNSÈÅãÁî®„ÅßÊúàÂèé100‰∏á;FALSE;riku_ai.web3
„Ç≥„Ç¶ | AI„Åß‰ªï‰∫ãÂäπÁéáÂåñ‚ÜíÂâØÊ•≠ÂèéÂÖ•up;FALSE;koh_chatgpt
„Éù„Ç∏Â§´Â©¶üßë‚Äçüíªüë©‚ÄçüíªAI√óSNS„Çπ„Ç≠„É´„ÅßËá™Áî±„Å™ÊöÆ„Çâ„Åó;FALSE;posi_aiskill
„Åø„ÇÑ„Å£„Å°üßë‚Äçüíª | Toshimitsu Miyachi | AI√óSNS„ÅÆ„Éó„É≠;TRUE;miyachi_ai
„Ç∑„É´„Ç≠„Éºüå±AI√ó„Ç§„É≥„Çπ„Çø„ÅÆ„Éó„É≠;FALSE;silky_ai_sns
| ‰ªäÊó•„Åã„Çâ‰Ωø„Åà„ÇãAI‰ªï‰∫ãË°ì;FALSE;dai_ai_chatgpt
Sophie | AI Educator;FALSE;teach2ai
Kunal Kaushal;FALSE;kunalkaushal_
Asa Steinars;TRUE;asasteinars
Meghan O‚ÄôRourke | travel & outdoors;TRUE;meghanorourkee
Tour Socotra;FALSE;toursocotra
Niklas Volland;TRUE;niklas_volland
Meet Cutes NYC;TRUE;meetcutesnyc
IamfromKorea;FALSE;iam.from.korea
Annie Wanyi Jiang ‚úà Travel Creator;TRUE;goanniewhere
Sophie Gardner;TRUE;sophiegardner
Laura Capel;TRUE;laurastravl
Victoria Chmel;TRUE;victoriachmel
Melis Andreea | Luxury Travel & Lifestyle Creator;TRUE;melis.andreea
Aur√©lie | travel & fashion creator;TRUE;aureliestory
Chaiany Clemente  Mentora;TRUE;chayclemente
Kerry ‚úàÔ∏è Travel Tips + Inspo;FALSE;the.petite.wanderer
Megan Homme;TRUE;meganhomme
Janne | Making Bank Working Abroadüë∑‚Äç‚ôÄÔ∏èüå¥;FALSE;jannedhuyvetter
Joanne Hollings;TRUE;joannehollings
Danielle Marie Lister | The Yukon;TRUE;danimarielister
Caroline G√ºntherüåû >> VANLIFE I TRAVEL;TRUE;thesaltypassports
Camila Th√ºmmel üåø Travel / Adventure / Smile;TRUE;happylostlife
Monica ‚òª Adventure Travel Creator;FALSE;monicaroams
CAROL-ANN | TRAVEL CONTENT CREATOR | DESTINATION DESIGNER;TRUE;travelwithcarolann
TASHA WHITLEY | Solo Female Travel ‚úàÔ∏è;TRUE;travelsbytash
Mackenzie | travel girl üåé;FALSE;girlgoingtravel
„Åæ„Çãüßë‚Äçüíª ÊòéÊó•„Åã„Çâ‰ªï‰∫ã„Åß‰Ωø„Åà„ÇãÔºÅAIÊ¥ªÁî®Ë°ì;FALSE;maru_ai_
Maximilian Raabe l KI & Content;TRUE;iam.maxiraabe
EmTech;TRUE;emdottech
Matt Farmer;TRUE;mattfarmerai
Digital PLR;FALSE;digitalplr.store
Eddie Cumberbatch;TRUE;eddiecumberbatch
Chris Burk;FALSE;chrisrburk
MarketSpot;FALSE;the_marketspot
GERRY TAM;TRUE;thegerrytam
Ivan Henry | Affiliate Marketing Mentor;FALSE;ivan.theaffiliate
Audrey Marie | Make Money Online;FALSE;makemoneywmarie
Melanie Forsyth;TRUE;melthe.affiliate
Stephy Chen | Online Marketing Expert;FALSE;boss.bae.steph
Bobby Heaux;FALSE;bobby.heaux
Jessica Lawson;FALSE;jessicaelawson
Bryan Delimata;TRUE;bryandelimata
memes;FALSE;memeriaz
Ben Kaluza;TRUE;benkaluza
Harsh Bhatt;FALSE;me_harshbhatt
Zubair Farooqui;FALSE;farzi.soul
Hamza Shoaib;TRUE;thehamzashoaibshow
Historycrafts;FALSE;historycrafts
Vince Ferguson-Pecora;FALSE;vfp_31
Loc Nguyen;TRUE;leveluploc
pengacara surabaya;FALSE;advokatsurabaya1
Modesto Duvis√≥n;FALSE;mduvison
Mihir Potnis;FALSE;makhirtech
Kavitha Jaubin;FALSE;kavithajaubin
Meet BhanushaliüáÆüá≥;FALSE;meetbhanushali945
G üêä;FALSE;geedile1
Javier Rodr√≠guez;FALSE;javier.erf
James Clement;FALSE;jimmyclem64
Kellan Henneberry;TRUE;kellanhenneberry
Varun Mayya;TRUE;thevarunmayya
Shamaila Zahid;FALSE;hellomaila
Shawn Lee;FALSE;hingz
Shahbaz Sheikh;TRUE;airbazoo
Dusty Vargas;FALSE;headnorth33
Devansee Malhotra;FALSE;malhotra__d7_
Jenny Hoyos;TRUE;jennyhoyoslol
‡§∞‡§ö‡§ø‡§§‡§æ üáÆüá≥;FALSE;rachita.rraj
Ayuk Atika;FALSE;artika_ayuk
Teddy Hobson;FALSE;teddy_hobson
Burak Kara;FALSE;thisisburakkara
Amelia Mccormack;FALSE;amelia_cordony
Comfort Nwosu;FALSE;comfietech
Konstantinos Synodinos;TRUE;simplydigital.gr
Caleb Torres;TRUE;perceiveai
Oh!üì∏;FALSE;kimzkliks
Fatima;FALSE;fatizahur
Portrait Playdate by Shannon Johnson;FALSE;portraitplaydate
üí™üèªüî´ üèç;FALSE;deejay_snyder
Herica;FALSE;herica916
Kimbyrleigha Morse;TRUE;kimbyrleigha
Karen X;TRUE;karenxcheng
Ali Mirza | AI & Social Media;FALSE;alimirza2k
Fortune Cookies India;FALSE;zyraasfortunecookies
;FALSE;dylanjolevy
Aditi Damani Poddar;FALSE;aditidamani12
Tom Bilyeu;TRUE;tombilyeu
Lisa Bilyeu;TRUE;lisabilyeu
Kara Seigo;FALSE;karasgo
Charlotte Graham;FALSE;charlottegrahame
MrBeast;TRUE;mrbeast
Zuleika Michelle;FALSE;zuleika_m
vidIQ;TRUE;vidiq
Dude Perfect;TRUE;dudeperfect
Peter McKinnon;TRUE;petermckinnon
Abhilash Hande;FALSE;abhilashhande
Perpetual Gomes;TRUE;pepzart
VidSummit;FALSE;vidsummit
Matt Wolfe;TRUE;mr.eflow
Jordi van den Bussche;TRUE;kwebbelkop
Selen Aydin;FALSE;selenaydin17
Jesse Eckel;TRUE;jesseeckel0x
- peace ‚úåüèæ;FALSE;peaceimman_
Overpowered;FALSE;overpowered.ai
Andy Jensen;FALSE;pictelate
Adam Mosseri;TRUE;mosseri
Alessandro Devigus DentalTV creator & coach;FALSE;dentist.camera
Jo Mendes;TRUE;nomadatoast
Robot overloards;FALSE;robotoverloardsofficial
Daan Van Bergen;FALSE;daan_vanbergen
ACTIVE VISION;FALSE;activevisionn
Viviana Barbieri;FALSE;altroveedintorni
Jos√© Pedro Mendoza Orihuela;FALSE;jp.mendozao89
The AI Guy;FALSE;aiguruguy
Nate Money;FALSE;nate.moneyyt
Grounded4Life;FALSE;grounded4lifeshop
‚ú®MZ.GORGEOUS‚ú®;FALSE;crazy_twin16
Gabby Schumacher;FALSE;comeaffiliatewithgabby
Ginger Borden ‚Ä¢ IG Growth & Marketing ‚Ä¢ Community Focus;TRUE;gingerstarrborden
AI Marketing Coach | (Alex) Liu Jian Hui;FALSE;ggstrategy
NDA;FALSE;ndainternett
Sagar Nautiyal;FALSE;nautiyalsagar29
Sylvia | Digital Marketer;FALSE;hustlewithsylvia
Abby Conway;TRUE;abbyxconway
;FALSE;davidrunacres
NDA;TRUE;ndainternet
Jeffrey Castillo;TRUE;digitaljeff
Mitchell Thayne;TRUE;mitchellthayne
Sarah Chrisp;TRUE;sarahchrispy
Al Joseph;FALSE;aldridgejoseph
Bryar Hasan;FALSE;bryar_rekani
AI Tools & News | CG;FALSE;aidaily.insights
Superhumans Lifemastery;FALSE;superhumans.lifemastery
Adam Stewart;TRUE;adamstewartmarketing
SeanRookie;FALSE;seanrookie
Terry R Clark;FALSE;terryrclark7
Creator Sean;FALSE;createwithsean
Na;FALSE;brazilianbarbiej
Isabel (Izzy) Ganovsky;FALSE;iganovsky
Pete Huang;FALSE;petey.huang
Andras Ra | Andr√°s Raczenb√∂ck;TRUE;andras.ra
Riley Brown;TRUE;realrileybrown
YT Monetization Mastery;FALSE;youtubemonetizationmastery
David Omari;TRUE;davidomari
Virality Playbook;FALSE;viralityplaybook
;FALSE;hustlewithdonny
Ai Revolution;FALSE;aitherevolution
Daniella Flores | Side Hustle & Remote Work Queen üëë;TRUE;iliketodabbleblog
Side Hustle;FALSE;sidehustleclips
Travis | Personal Finance for Beginners;FALSE;passiveincometips.travis
Ben Alistor;TRUE;benalistor
Austyn Crispell;TRUE;autsyn
Matt Henry | Digital Marketing Mentor;FALSE;officialmatthenry
Weston Corica;TRUE;westoncorica
Nathan Hurst;TRUE;naate
Carter Escapule;FALSE;carterescapule
Nuraz;TRUE;nuraz1x
Ross Fledderjohn;TRUE;rossfledderjohn
Laura Anderson;TRUE;digitallauraanderson
Haim | Shmoo;FALSE;_haim_
Andres Franco;TRUE;theinsiders_club
Dennis Finger;FALSE;lexicondennis
rainbow events;FALSE;ramit_padaliya
Lace;FALSE;theonlylace
Adam Hahn;TRUE;officialadamhahn
Rachel Nicole | Digital Products & IG Growth;TRUE;rachelnicolemarkets
Stephanie Hulsey | ONLINE SALES EXPERT;TRUE;stephaniehulsey.official
Clay | Digital Marketer;FALSE;claythehustler
Chicago | Social Media Agency;FALSE;innovative_influence
Jordan Villanueva;TRUE;jordanuevamedia
Andy Hafell;FALSE;theaiandy
TimoteÃÅ Chanut;TRUE;timotechanut
Tony Aube - Design;FALSE;tony.aube.design
AI.Explains.AI;FALSE;ai.explains.ai
Roberto P. Nickson;TRUE;rpn
Jessie Davies l Self development + business coach for women;FALSE;_jessiedavies
Janetta Ampofo | Video & Marketing;FALSE;its_jal
Dave Talas‚ÄîAI & ChatGPT for work;TRUE;davetalas
Bright Side;TRUE;brightside.official
Logan Cramer;FALSE;logancramerhustles
Mari Rodriguez;FALSE;mari_rodriguezo
Steffen Miro M√ºcke;FALSE;steffen.mirox
Harut Martirosyan;TRUE;heyharut
;FALSE;cashcowdylan
Jordan | YouTube Automation Coach;FALSE;bye9to5official
Razvan Paraschiv;FALSE;razvanpb
Zach Crawford;FALSE;iamzachcrawford
Alex Ford;TRUE;alexfordlive
Bryan Tate;FALSE;buildingwithbryan
Michael Keenan;FALSE;michaelkeenan01
Lucas O‚ÄôKeefe | Social Media Marketing;TRUE;thelucasokeefe
Social Moody | Social Media Management Agency‚ô°;FALSE;socialmoody
Elle Money ‚Ä¢ Instagram Coach for Businesses;TRUE;elle.social
Elizabeth Quinn | Content Marketing;TRUE;lotus.mediaco
Lola | Social Media Growth Strategist;TRUE;the_socialserver
Instagram expert | social media strategy | Michelle Gifford;TRUE;iammichellegifford
Dan Thomas | Social Media Marketing;FALSE;imdanthomas
Hrabren Lindfors | Social Media Marketing;TRUE;marketingharry
Content Creation | UK UGC & Video Creator| Danielle;FALSE;thecontenttray
Nilesh Hadalgi | Techie Programmer;FALSE;techie_programmer
Aleksa Spasic | Instagram Growth & Marketing Coach;TRUE;alexxmarketing
Dr. Sina;FALSE;dr.sinapahlevan
Simon Booth | IG growth & Marketing;TRUE;simon_strongmedia_
PassiveIdea;FALSE;passiveidea6
Tom Funk - Online Digital Marketer;FALSE;makemoneywithfunk
Ann | Digital Marketing;FALSE;wfhann
Ankan Dey;FALSE;a_n_k_a_n_d_e_y
David - How to Make money online;FALSE;millionaire.incorporated
Justin Brown;FALSE;justinbrownpv
TechToids | Apple, AI & Tech Leaks;FALSE;tech_toids
Jourdan | Social Media Strategist;FALSE;jourdanguyton
tutorials.template;TRUE;pearl.akdnz
PHOTO / VIDEO / CREATIVITY ‚Ñ¢;FALSE;camera.setup
Robert Walker;FALSE;mrrob1978
Chrissy Samaan Bartolo;FALSE;chrissysamaan
·Ñá·Ö°·Ü∑·Ñá·ÖÆ·ÑÜ·Ö°·ÑÜ·Ö° | ChatGPT Í∞ïÏÇ¨ | ÌÅ¨Î¶¨ÏóêÏù¥ÌÑ∞;FALSE;bamboo.mama
LoLo;FALSE;thetrulo
Obaid Baig;FALSE;obaidbaig
Tolga Atas;FALSE;tolgaatas
Nicole Schweitzberger;FALSE;nicschweitz
Plamen Kostadinov;FALSE;pllamen.k
the_loyal_arkitek;FALSE;ar.rafishakkeer
;FALSE;___3m
Jigme Thile;FALSE;jigmethile
Dino Romero (‚ÄúBro-D‚Äù);FALSE;pocholoromero
Sabine Main;FALSE;sabooster
Natalia Westermann;FALSE;wildwildwestermann
J√©r√¥me Dv;FALSE;jerome__dv
Kristen;FALSE;krispyfuller
Denis Kimathi;FALSE;bridgek351
Ankita Sarma;FALSE;ankita_sarma_
Nenneh Kamara;FALSE;iamnennehkamara
Lauren;FALSE;jay_lareah
Mouhamad Nour;FALSE;its.me.mo_nour
üáªüáÆDelicia;FALSE;1iamdelicia
Ricardo Pereira | Estrat√©gia & Performance Corporativa;FALSE;ricardoalper
Tamer OÃàpcÃßin;FALSE;opcintamer
Shirley Lopera;FALSE;shlopera
Simone von Schmetterling;FALSE;mone.schmetterling
Sunita Bhatia;FALSE;sunitabhatia2110
Clau Palomino;FALSE;claupalominog
Hector Barrera;FALSE;hector.barrera_
;FALSE;s_ou_deh
Landen Schapker;FALSE;landen.schapker
Irfan Ali;FALSE;irf.only
NxC reels;FALSE;nxc.creative
Alekhya Ogoti;FALSE;alekhyaogoti
Jon Miguel;FALSE;jonroth23
Reuben Steiger;FALSE;reubstock18
Evaldo Melchior;FALSE;evaldomelchior
Napat Srithongpanaboon;FALSE;puppizzart
Jessie;FALSE;msjessieo
;FALSE;mr.tgava
Falak Shaikhani;FALSE;falak.shaikhani
Hassan Nasir Sheikh;FALSE;hassannasir23
Varun;FALSE;xvarundesai
Fabiola Rattia;FALSE;fabiolarattia
;FALSE;joee_cooper
Elias Park;FALSE;_______elias
;FALSE;khalid__taj
Teona Kalandadze;FALSE;teonita1212
Parag Vakharia;FALSE;parag_vakharia
Johnny;FALSE;johnnydoe_87
Andrew De La Rosa;FALSE;andrewpdelarosa
Delis Williams Tackie-Yaoboi;FALSE;thisisdelis
BettyShanice, MPA;FALSE;erpel_
Danil;FALSE;danil_gavrish
Ulrich Esch;TRUE;ulresch
Vilma Harvey;FALSE;vilmaharvey_
Kylie Balis | Online Fitness Coach;TRUE;bodybykb_
The Pilates Difference;FALSE;thepilatesdifference
Kuntal A. Joisher;FALSE;kuntalj
Tara Jenkins üôãüèº‚Äç‚ôÄÔ∏è;FALSE;tara.nicole.jenkins
Sonia Sklekov;FALSE;s_sklekov
Estefan√≠a Carvajal;FALSE;cocinadeolivia_
Keibert Jesus Brice√±o;FALSE;keibertbriceno
Shannon ‚ÄúShay‚Äù Rowbottom ‚òÄÔ∏è;TRUE;shayrowbottom
Jules Besnard-Fuzeau;FALSE;julo_bf
–ê–∏–¥–∞ –ü–∞—à–∞–µ–≤–∞;TRUE;aida__p
;FALSE;foeman527
Sydney Hei;FALSE;la.sydney
Vinu Joseph;FALSE;vinu.one
Hsrc Ellie;FALSE;elliesuarezxo
MOBIGRAPHERS‚Ñ¢ ‚Ä¢ Mobile Photography;FALSE;mobigraphers__
MIRANDA üì∏;FALSE;mirandamorey_
christine;FALSE;qwisteen
Giulia;TRUE;onlyonegiulia
Sahil Gulati | Travel;TRUE;peaceaurparvat
Filmr By InVideo;FALSE;filmr.app
Tugrul Ozbas;FALSE;tugrulozbas
Jose Luis Vidaurre Waeger;FALSE;joselvidaurre
Harman Singh;FALSE;harman_singh97
Chris Pikul;FALSE;chris_pikul
Tech Jobs Fair;FALSE;techjobs_fair
Austin Pray;FALSE;pandapray
Pcee15;FALSE;pcee15
Vikram Thyagarajan;FALSE;strumdiaries
Laura Essert;FALSE;laursv
Zomato;TRUE;zomato
Sandee Sevilla;FALSE;sandeesolutions
Mariam Hadiji;FALSE;mariem_hdiji
BITTE ENTFOLGT DIESEM ACCOUNT;FALSE;bitte_entfolgen_entfolgen
Sil Benegas;FALSE;silbenegasm
Checky Chen | Food Travel Lifestyle;FALSE;checkycl
;FALSE;__testiv
Jesbely Albarr√°n;TRUE;jes.albarran
Neha Kashyap;FALSE;neha_kashyap84
Œûrnesto Cuberos;FALSE;ernestocube
coolman coffeedan;TRUE;coolman
Shasvathi Siva;FALSE;shasvathi
Alexander Pluskota, M.A;FALSE;pluskota.immo
Kayla Yee;FALSE;kaylahallalyee
nicolio.catiavelli;FALSE;nicolio.catiavelli
Alice;FALSE;nala_jjjj
Dr. Nidhi Bhanushali;FALSE;thatfrizzyhair
Aha moments ‚ù§Ô∏è;FALSE;h_andi_a
The Growth Strategy Platform;FALSE;dollar.eighty
Rafael Ferreira;FALSE;rafael.ferreira.dcs
StoneMill | Publishing, Content & Design Studio.;FALSE;stonemillindia
Candice DeVille;FALSE;vintagecurrent
Psychokinesis Powers;FALSE;psychokinesispowers
Voiceover Pam;FALSE;voiceoverpam
Tridib Ghosh;TRUE;tridibghosh
Prathiksha Kankaria;FALSE;prathiksha_kankaria
ŸÖÿÆÿ∑ÿ∑ÿßÿ™ ŸÅŸÑŸÑ #_ÿ™ÿµŸÖŸäŸÖ ÿØÿßÿÆŸÑŸä ŸàÿÆÿßÿ±ÿ¨Ÿäÿå ŸÑŸÑÿßŸÜÿØÿ≥ŸÉŸäÿ®ÿå(ÿ≠ÿØÿßÿ¶ŸÇ);FALSE;archvip15
Mayannk Lallwani;FALSE;iam_mj_official
Zahra Karim;FALSE;zahrakarimx
Soham;FALSE;sohamtikhe
H.T;FALSE;_harrythandi_
The Alternative Story;FALSE;thealtstory
Ecamm Network;FALSE;ecammnetwork
Abish Mathew;TRUE;abishmathew
Tanmay Bhat;TRUE;tanmaybhat
Stephanie Garcia | Master NLP Coach + Speaker Trainer;FALSE;heystephanielive
AMY LANDINO ‚Ä¢ Personal Brand Coach;TRUE;schmittastic
Neil Patel;TRUE;neilpatel
Ben Leavitt‚úåÔ∏è‚ù§Ô∏è;FALSE;benleavitt_
Jay Baer;TRUE;jaybaer
Amanda Robinson;TRUE;thedigitalgal
please follow at Stellar247;FALSE;babygotbot
Kelly;FALSE;stellar247
Sue B Zimmerman & Morgan | IG Marketing | Business Coach;TRUE;theinstagramexpert
Jordan Platten;TRUE;jordanplatten
Ian Anderson Gray;FALSE;ianandersongray
Bella Vasta - Pet Sitting + Dog Walking Buisness Coach;FALSE;bellavasta
ATOMIC: For the Small & Mighty Business;FALSE;andrewandpete
KIM GARST;TRUE;kimgarst
Mari Smith;TRUE;mari_smith
Pankit Chheda;FALSE;pankitchheda89
Srishti Trivedi;FALSE;_srishtiii_
HubSpot;TRUE;hubspot
RUDINA MAGJISTARI;TRUE;rudinamagjistari
AppSumo;FALSE;appsumo
Social Media Examiner;TRUE;smexaminer
KATARSIZ;TRUE;katarsiz
Utsab Dasgupta;FALSE;utsabdasgupta
Flytographer;TRUE;flytographer
Aaron Pinto;FALSE;kidsquidy
Aakash Gupta;FALSE;aakash.gupta1
Bubs Australia;TRUE;bubsaustralia
Andreea Marin;TRUE;andreeamarinromania
Joana Carreira | Fashion & Lifestyle;TRUE;jufcarreira
Sanket Shah;TRUE;sankyyshah
The Medicinal Chef - Dale Pinnock;TRUE;themedicinalchef
Ankita Soni;FALSE;ankita_soni22
Ankit Solanki;FALSE;solankith
Gary Vay-Ner-Chuk;TRUE;garyvee
LinkedIn for Marketing;TRUE;linkedinmktg
Entrepreneurship | Business;TRUE;thebusinesshacks
Online Marketing Educator üí°;TRUE;amyporterfield